操作,代码,名称,行业,排名,股数,参考价,参考金额,备注
买入,688146.SH,中船特气,C39计算机、通信和其他电子设备制造业,1,0,193.25,0.0,资金不足一手，用替补
买入,605376.SH,博迁新材,C39计算机、通信和其他电子设备制造业,2,0,118.55,0.0,资金不足一手，用替补
买入,002484.SZ,江海股份,C39计算机、通信和其他电子设备制造业,3,0,52.84,0.0,资金不足一手，用替补
买入,603103.SH,横店影视,R87广播、电视、电影和录音制作业,4,0,16.13,0.0,资金不足一手，用替补
买入,300602.SZ,飞荣达,C39计算机、通信和其他电子设备制造业,5,0,35.77,0.0,资金不足一手，用替补
买入,002192.SZ,融捷股份,B09有色金属矿采选业,6,0,56.97,0.0,资金不足一手，用替补
买入,000688.SZ,国城矿业,B09有色金属矿采选业,7,0,24.15,0.0,资金不足一手，用替补
买入,300438.SZ,鹏辉能源,C38电气机械和器材制造业,8,0,47.63,0.0,资金不足一手，用替补
买入,688141.SH,杰华特,I65软件和信息技术服务业,9,0,102.98,0.0,资金不足一手，用替补
买入,002960.SZ,青鸟智控,C39计算机、通信和其他电子设备制造业,10,100,8.45,845.0,
买入,603876.SH,鼎胜新材,C32有色金属冶炼和压延加工业,11,0,17.21,0.0,资金不足一手，用替补
买入,300045.SZ,华力创通,C39计算机、通信和其他电子设备制造业,12,100,11.19,1119.0,
买入,301267.SZ,华厦眼科,Q84卫生,13,0,14.99,0.0,资金不足一手，用替补
买入,600167.SH,联美控股,D44电力、热力生产和供应业,14,200,5.52,1104.0,
买入,002351.SZ,漫步者,C39计算机、通信和其他电子设备制造业,15,100,9.87,987.0,
买入,600649.SH,城投控股,K70房地产业,16,300,4.13,1239.0,
买入,300870.SZ,欧陆通,C39计算机、通信和其他电子设备制造业,17,0,181.4,0.0,资金不足一手，用替补
买入,301268.SZ,铭利达,C33金属制品业,18,100,11.74,1174.0,
买入,600116.SH,三峡水利,D44电力、热力生产和供应业,19,200,6.08,1216.0,
买入,300080.SZ,易成新能,C38电气机械和器材制造业,20,300,3.68,1104.0,
买入,300035.SZ,中科电气,C39计算机、通信和其他电子设备制造业,21,100,12.21,1221.0,
买入,300298.SZ,三诺生物,C35专用设备制造业,22,0,16.1,0.0,资金不足一手，用替补
买入,603025.SH,大豪科技,C39计算机、通信和其他电子设备制造业,23,100,12.95,1295.0,
买入,688567.SH,孚能科技,C38电气机械和器材制造业,24,0,9.09,0.0,资金不足一手，用替补
买入,002545.SZ,东方铁塔,C26化学原料和化学制品制造业,25,0,13.79,0.0,资金不足一手，用替补
买入,688639.SH,华恒生物,C26化学原料和化学制品制造业,26,0,17.76,0.0,资金不足一手，用替补
买入,688300.SH,联瑞新材,C39计算机、通信和其他电子设备制造业,27,0,148.68,0.0,资金不足一手，用替补
买入,600094.SH,大名城,K70房地产业,28,300,4.13,1239.0,
买入,600662.SH,外服控股,L72商务服务业,29,300,4.19,1257.0,
买入,300680.SZ,隆盛科技,C36汽车制造业,30,0,20.19,0.0,资金不足一手，用替补
买入,000913.SZ,钱江摩托,C37铁路、船舶、航空航天和其他运输设备制造业,31,100,10.5,1050.0,
买入,688362.SH,甬矽电子,C39计算机、通信和其他电子设备制造业,32,0,56.8,0.0,资金不足一手，用替补
买入,600248.SH,陕建股份,E48土木工程建筑业,33,400,2.82,1128.0,
买入,002127.SZ,南极电商,L72商务服务业,34,400,2.98,1192.0,
买入,000719.SZ,中原传媒,R86新闻和出版业,35,100,11.88,1188.0,
买入,688206.SH,概伦电子,I65软件和信息技术服务业,36,0,35.18,0.0,资金不足一手，用替补
买入,000927.SZ,中国铁物,L72商务服务业,37,500,2.43,1215.0,
买入,002408.SZ,齐翔腾达,C26化学原料和化学制品制造业,38,200,5.09,1018.0,
买入,300134.SZ,大富科技,C39计算机、通信和其他电子设备制造业,39,100,8.29,829.0,
买入,688433.SH,华曙高科,C34通用设备制造业,40,0,80.98,0.0,资金不足一手，用替补
买入,601921.SH,浙版传媒,R86新闻和出版业,41,100,7.55,755.0,
买入,301602.SZ,超研股份,C35专用设备制造业,42,0,16.01,0.0,资金不足一手，用替补
买入,001914.SZ,招商积余,K70房地产业,43,100,9.36,936.0,
买入,300341.SZ,麦克奥迪,C40仪器仪表制造业,44,100,12.66,1266.0,
买入,301622.SZ,英思特,C39计算机、通信和其他电子设备制造业,45,0,36.23,0.0,资金不足一手，用替补
买入,688779.SH,五矿新能,C39计算机、通信和其他电子设备制造业,46,0,7.32,0.0,资金不足一手，用替补
买入,600877.SH,电科芯片,C39计算机、通信和其他电子设备制造业,47,100,11.4,1140.0,
买入,603166.SH,福达股份,C36汽车制造业,48,100,10.69,1069.0,
买入,001236.SZ,弘业期货,J67资本市场服务,49,100,7.85,785.0,
买入,002276.SZ,万马股份,C38电气机械和器材制造业,50,100,9.74,974.0,
替补,603360.SH,百傲化学,C26化学原料和化学制品制造业,51,100,12.19,1219.0,
替补,600633.SH,浙数文化,I64互联网和相关服务,52,100,10.11,1011.0,
替补,688031.SH,星环科技,I65软件和信息技术服务业,53,0,90.39,0.0,
替补,603915.SH,国茂股份,C34通用设备制造业,54,100,13.15,1315.0,
替补,688586.SH,江航装备,C37铁路、船舶、航空航天和其他运输设备制造业,55,0,10.91,0.0,
替补,688372.SH,伟测科技,M74专业技术服务业,56,0,103.45,0.0,
替补,002690.SZ,美亚光电,C35专用设备制造业,57,0,15.32,0.0,
替补,000550.SZ,江铃汽车,C36汽车制造业,58,0,16.28,0.0,
替补,300127.SZ,银河磁体,C39计算机、通信和其他电子设备制造业,59,0,23.15,0.0,
替补,600315.SH,上海家化,C26化学原料和化学制品制造业,60,0,17.7,0.0,
替补,300337.SZ,银邦股份,C32有色金属冶炼和压延加工业,61,100,8.97,897.0,
替补,603950.SH,长源东谷,C36汽车制造业,62,0,52.2,0.0,
替补,301565.SZ,中仑新材,C29橡胶和塑料制品业,63,0,19.38,0.0,
替补,300768.SZ,迪普科技,I65软件和信息技术服务业,64,0,15.17,0.0,
替补,300633.SZ,开立医疗,C35专用设备制造业,65,0,19.25,0.0,
替补,688522.SH,纳睿雷达,C39计算机、通信和其他电子设备制造业,66,0,17.86,0.0,
替补,000791.SZ,甘肃能源,D44电力、热力生产和供应业,67,100,7.0,700.0,
替补,600268.SH,国电南自,C38电气机械和器材制造业,68,100,9.99,999.0,
替补,600728.SH,佳都科技,I65软件和信息技术服务业,69,200,4.47,894.0,
替补,600718.SH,东软集团,I65软件和信息技术服务业,70,100,7.9,790.0,
替补,601908.SH,京运通,C38电气机械和器材制造业,71,400,2.91,1164.0,
替补,300188.SZ,国投智能,I65软件和信息技术服务业,72,100,10.74,1074.0,
替补,688449.SH,联芸科技,I65软件和信息技术服务业,73,0,57.69,0.0,
替补,688165.SH,埃夫特,C34通用设备制造业,74,0,15.0,0.0,
替补,600055.SH,万东医疗,C35专用设备制造业,75,100,10.42,1042.0,
替补,300036.SZ,超图软件,I65软件和信息技术服务业,76,100,10.24,1024.0,
替补,603927.SH,中科软,I65软件和信息技术服务业,77,0,13.61,0.0,
替补,002101.SZ,广东鸿图,C36汽车制造业,78,100,8.5,850.0,
替补,002941.SZ,新疆交建,E48土木工程建筑业,79,100,10.46,1046.0,
替补,600373.SH,中文传媒,R86新闻和出版业,80,100,7.54,754.0,
替补,603219.SH,富佳股份,C38电气机械和器材制造业,81,100,12.83,1283.0,
替补,300525.SZ,博思软件,I65软件和信息技术服务业,82,100,7.78,778.0,
替补,600478.SH,科力远,C38电气机械和器材制造业,83,200,4.49,898.0,
替补,002373.SZ,千方科技,I65软件和信息技术服务业,84,100,7.37,737.0,
替补,000837.SZ,秦川机床,C34通用设备制造业,85,100,9.51,951.0,
替补,688523.SH,航天环宇,C37铁路、船舶、航空航天和其他运输设备制造业,86,0,37.59,0.0,
替补,300682.SZ,朗新科技,I65软件和信息技术服务业,87,100,8.6,860.0,
替补,300809.SZ,华辰装备,C34通用设备制造业,88,0,23.84,0.0,
替补,600529.SH,山东药玻,C30非金属矿物制品业,89,0,17.97,0.0,
替补,603100.SH,川仪股份,C40仪器仪表制造业,90,0,18.29,0.0,
替补,600409.SH,三友化工,C26化学原料和化学制品制造业,91,200,6.05,1210.0,
替补,688668.SH,鼎通科技,C39计算机、通信和其他电子设备制造业,92,0,210.49,0.0,
替补,002250.SZ,联化科技,C26化学原料和化学制品制造业,93,0,13.92,0.0,
替补,600623.SH,华谊集团,C26化学原料和化学制品制造业,94,100,8.42,842.0,
替补,603919.SH,金徽酒,C15酒、饮料和精制茶制造业,95,0,15.82,0.0,
替补,002544.SZ,普天科技,I65软件和信息技术服务业,96,0,15.41,0.0,
替补,300872.SZ,天阳科技,I65软件和信息技术服务业,97,0,15.13,0.0,
替补,601326.SH,秦港股份,G55水上运输业,98,300,3.51,1053.0,
替补,000848.SZ,承德露露,C15酒、饮料和精制茶制造业,99,100,7.94,794.0,
替补,603227.SH,雪峰科技,C26化学原料和化学制品制造业,100,100,7.35,735.0,
替补,002063.SZ,远光软件,I65软件和信息技术服务业,101,200,5.24,1048.0,
替补,002073.SZ,软控股份,C35专用设备制造业,102,200,5.64,1128.0,
替补,600064.SH,南京高科,K70房地产业,103,100,7.75,775.0,
替补,688289.SH,圣湘生物,C27医药制造业,104,0,16.27,0.0,
替补,600151.SH,航天机电,C38电气机械和器材制造业,105,100,9.14,914.0,
替补,603698.SH,航天工程,C35专用设备制造业,106,0,20.04,0.0,
替补,300779.SZ,惠城环保,C42废弃资源综合利用业,107,0,50.68,0.0,
替补,688252.SH,天德钰,I65软件和信息技术服务业,108,0,20.87,0.0,
替补,688006.SH,杭可科技,C35专用设备制造业,109,0,20.29,0.0,
替补,301658.SZ,首航新能,C38电气机械和器材制造业,110,0,21.66,0.0,
替补,002539.SZ,云图控股,C26化学原料和化学制品制造业,111,100,11.58,1158.0,
替补,301029.SZ,怡合达,C34通用设备制造业,112,0,24.25,0.0,
替补,688107.SH,安路科技,C39计算机、通信和其他电子设备制造业,113,0,29.03,0.0,
替补,600353.SH,旭光电子,C39计算机、通信和其他电子设备制造业,114,0,29.3,0.0,
替补,600037.SH,歌华有线,I63电信、广播电视和卫星传输服务,115,100,7.06,706.0,
替补,600771.SH,广誉远,C27医药制造业,116,0,13.89,0.0,
替补,600827.SH,百联股份,F52零售业,117,100,7.76,776.0,
替补,603093.SH,南华期货,J67资本市场服务,118,0,13.31,0.0,
替补,002163.SZ,海南发展,E50建筑装饰、装修和其他建筑业,119,100,7.49,749.0,
替补,300353.SZ,东土科技,C39计算机、通信和其他电子设备制造业,120,0,16.19,0.0,
替补,600528.SH,中铁工业,C35专用设备制造业,121,100,6.75,675.0,
替补,603613.SH,国联股份,I64互联网和相关服务,122,0,18.87,0.0,
替补,600773.SH,西藏城投,K70房地产业,123,100,9.67,967.0,
替补,002511.SZ,中顺洁柔,C22造纸和纸制品业,124,100,6.91,691.0,
替补,600996.SH,贵广网络,I63电信、广播电视和卫星传输服务,125,100,6.9,690.0,
替补,300482.SZ,万孚生物,C27医药制造业,126,0,16.32,0.0,
替补,300861.SZ,美畅股份,C30非金属矿物制品业,127,0,15.21,0.0,
替补,688443.SH,智翔金泰,C27医药制造业,128,0,24.14,0.0,
替补,000758.SZ,中色股份,B09有色金属矿采选业,129,200,5.71,1142.0,
替补,603883.SH,老百姓,F52零售业,130,100,12.89,1289.0,
替补,300047.SZ,天源迪科,I65软件和信息技术服务业,131,100,9.08,908.0,
替补,301175.SZ,中科环保,N78公共设施管理业,132,200,5.59,1118.0,
替补,300660.SZ,江苏雷利,C38电气机械和器材制造业,133,0,23.51,0.0,
替补,003010.SZ,若羽臣,I64互联网和相关服务,134,0,27.83,0.0,
替补,001267.SZ,汇绿生态,C39计算机、通信和其他电子设备制造业,135,0,33.37,0.0,
替补,300031.SZ,宝通科技,I64互联网和相关服务,136,0,20.15,0.0,
替补,002096.SZ,易普力,C26化学原料和化学制品制造业,137,100,8.95,895.0,
替补,600643.SH,爱建集团,J69其他金融业,138,300,4.07,1221.0,
替补,603194.SH,中力股份,C34通用设备制造业,139,0,32.77,0.0,
替补,688798.SH,艾为电子,C39计算机、通信和其他电子设备制造业,140,0,54.67,0.0,
替补,000600.SZ,建投能源,D44电力、热力生产和供应业,141,100,6.97,697.0,
替补,002838.SZ,道恩股份,C29橡胶和塑料制品业,142,0,24.13,0.0,
替补,002668.SZ,TCL智家,C38电气机械和器材制造业,143,100,8.67,867.0,
替补,301005.SZ,超捷股份,C36汽车制造业,144,0,57.37,0.0,
替补,600123.SH,兰花科创,B06煤炭开采和洗选业,145,100,6.81,681.0,
替补,601083.SH,锦江航运,G55水上运输业,146,100,12.62,1262.0,
替补,301381.SZ,赛维时代,F52零售业,147,0,23.34,0.0,
替补,002911.SZ,佛燃能源,D45燃气生产和供应业,148,100,11.13,1113.0,
替补,688232.SH,新点软件,I65软件和信息技术服务业,149,0,17.66,0.0,
替补,688139.SH,海尔生物,C35专用设备制造业,150,0,35.19,0.0,
